site,family,configuration,scenario,mode,row_type,gamma,far_mult,envelope_m,coverage,rebuild_direction,acquired_n,n_with_uplift,envelope_bind_n,envelope_bind_frac,envelope_clipped_gfa,clipped_frac_of_acquired_gfa,rebuild_target_h_min,rebuild_target_h_median,rebuild_target_h_max,h_target_residential_far2p5,h_target_default_far3p0,headroom_m,envelope_first_bites_below_m,envelope_bites_all_below_m,share_reached,target_met,gfa_change_pct
lujiazui,资本/超高层,developer_led,capital_deepen,B_grow,gamma_setting,strict,0.8,30.0,0.1793,up,920,865,865,0.9402,2913964.9,0.2175,39.04,39.04,46.85,39.04,46.85,-16.85,46.85,39.04,0.8007,True,2.99
lujiazui,资本/超高层,developer_led,capital_deepen,B_grow,gamma_setting,base,1.0,60.0,0.1793,up,911,903,0,0.0,0.0,0.0,48.8,48.8,58.56,48.8,58.56,1.44,58.56,48.8,0.8007,True,11.15
lujiazui,资本/超高层,developer_led,capital_deepen,B_grow,gamma_setting,permissive,1.5,120.0,0.1793,up,826,826,0,0.0,0.0,0.0,73.2,73.2,87.84,73.2,87.84,32.16,87.84,73.2,0.8006,True,21.04
lujiazui,资本/超高层,developer_led,capital_deepen,B_grow,gamma_setting,none,1.5,100000.0,0.1793,up,826,826,0,0.0,0.0,0.0,73.2,73.2,87.84,73.2,87.84,99912.16,87.84,73.2,0.8006,True,21.04
lujiazui,资本/超高层,state_led,state_civic,B_grow,gamma_setting,strict,0.8,30.0,0.1793,down,350,191,0,0.0,0.0,0.0,15.0,30.0,30.0,39.04,46.85,0.0,30.0,15.0,0.3009,True,-40.57
lujiazui,资本/超高层,state_led,state_civic,B_grow,gamma_setting,base,1.0,60.0,0.1793,down,350,191,0,0.0,0.0,0.0,15.0,30.0,30.0,48.8,58.56,30.0,30.0,15.0,0.3009,True,-40.57
lujiazui,资本/超高层,state_led,state_civic,B_grow,gamma_setting,permissive,1.5,120.0,0.1793,down,350,191,0,0.0,0.0,0.0,15.0,30.0,30.0,73.2,87.84,90.0,30.0,15.0,0.3009,True,-40.57
lujiazui,资本/超高层,state_led,state_civic,B_grow,gamma_setting,none,1.5,100000.0,0.1793,down,350,191,0,0.0,0.0,0.0,15.0,30.0,30.0,73.2,87.84,99970.0,30.0,15.0,0.3009,True,-40.57
lujiazui,资本/超高层,resident_led,resident_retain,B_grow,gamma_setting,strict,0.8,30.0,0.1793,down,426,0,0,0.0,0.0,0.0,,,,39.04,46.85,,,,0.7536,True,-46.72
lujiazui,资本/超高层,resident_led,resident_retain,B_grow,gamma_setting,base,1.0,60.0,0.1793,down,426,0,0,0.0,0.0,0.0,,,,48.8,58.56,,,,0.7536,True,-46.72
lujiazui,资本/超高层,resident_led,resident_retain,B_grow,gamma_setting,permissive,1.5,120.0,0.1793,down,426,0,0,0.0,0.0,0.0,,,,73.2,87.84,,,,0.7536,True,-46.72
lujiazui,资本/超高层,resident_led,resident_retain,B_grow,gamma_setting,none,1.5,100000.0,0.1793,down,426,0,0,0.0,0.0,0.0,,,,73.2,87.84,,,,0.7536,True,-46.72
lujiazui,资本/超高层,shared,shared_commons,B_grow,gamma_setting,strict,0.8,30.0,0.1793,down,99,0,0,0.0,0.0,0.0,,,,39.04,46.85,,,,0.3013,True,-43.75
lujiazui,资本/超高层,shared,shared_commons,B_grow,gamma_setting,base,1.0,60.0,0.1793,down,99,0,0,0.0,0.0,0.0,,,,48.8,58.56,,,,0.3013,True,-43.75
lujiazui,资本/超高层,shared,shared_commons,B_grow,gamma_setting,permissive,1.5,120.0,0.1793,down,99,0,0,0.0,0.0,0.0,,,,73.2,87.84,,,,0.3013,True,-43.75
lujiazui,资本/超高层,shared,shared_commons,B_grow,gamma_setting,none,1.5,100000.0,0.1793,down,99,0,0,0.0,0.0,0.0,,,,73.2,87.84,,,,0.3013,True,-43.75
lujiazui,资本/超高层,developer_led,capital_deepen,B_grow,height_sweep,sweep_h20,1.0,20.0,0.1793,up,925,903,903,0.9762,7971595.1,0.6568,48.8,48.8,58.56,48.8,58.56,-38.56,58.56,48.8,0.8004,True,1.02
lujiazui,资本/超高层,developer_led,capital_deepen,B_grow,height_sweep,sweep_h25,1.0,25.0,0.1793,up,923,903,903,0.9783,7314116.4,0.5783,48.8,48.8,58.56,48.8,58.56,-33.56,58.56,48.8,0.8003,True,1.85
lujiazui,资本/超高层,developer_led,capital_deepen,B_grow,height_sweep,sweep_h30,1.0,30.0,0.1793,up,920,903,903,0.9815,6419363.6,0.4792,48.8,48.8,58.56,48.8,58.56,-28.56,58.56,48.8,0.8007,True,2.99
lujiazui,资本/超高层,developer_led,capital_deepen,B_grow,height_sweep,sweep_h35,1.0,35.0,0.1793,up,919,903,903,0.9826,4906331.3,0.3337,48.8,48.8,58.56,48.8,58.56,-23.56,58.56,48.8,0.8018,True,4.91
lujiazui,资本/超高层,developer_led,capital_deepen,B_grow,height_sweep,sweep_h40,1.0,40.0,0.1793,up,916,903,903,0.9858,3198720.7,0.2001,48.8,48.8,58.56,48.8,58.56,-18.56,58.56,48.8,0.8008,True,7.08
lujiazui,资本/超高层,developer_led,capital_deepen,B_grow,height_sweep,sweep_h45,1.0,45.0,0.1793,up,913,903,903,0.989,1415185.2,0.0811,48.8,48.8,58.56,48.8,58.56,-13.56,58.56,48.8,0.8011,True,9.35
lujiazui,资本/超高层,developer_led,capital_deepen,B_grow,height_sweep,sweep_h50,1.0,50.0,0.1793,up,911,903,18,0.0198,33174.9,0.0018,48.8,48.8,58.56,48.8,58.56,-8.56,58.56,48.8,0.8007,True,11.11
lujiazui,资本/超高层,developer_led,capital_deepen,B_grow,height_sweep,sweep_h55,1.0,55.0,0.1793,up,911,903,18,0.0198,13799.6,0.0007,48.8,48.8,58.56,48.8,58.56,-3.56,58.56,48.8,0.8007,True,11.13
lujiazui,资本/超高层,developer_led,capital_deepen,B_grow,height_sweep,sweep_h60,1.0,60.0,0.1793,up,911,903,0,0.0,0.0,0.0,48.8,48.8,58.56,48.8,58.56,1.44,58.56,48.8,0.8007,True,11.15
lujiazui,资本/超高层,developer_led,capital_deepen,B_grow,height_sweep,sweep_h80,1.0,80.0,0.1793,up,911,903,0,0.0,0.0,0.0,48.8,48.8,58.56,48.8,58.56,21.44,58.56,48.8,0.8007,True,11.15
lujiazui,资本/超高层,developer_led,capital_deepen,B_grow,height_sweep,sweep_h120,1.0,120.0,0.1793,up,911,903,0,0.0,0.0,0.0,48.8,48.8,58.56,48.8,58.56,61.44,58.56,48.8,0.8007,True,11.15
nanjingxi,资本/商业,developer_led,capital_deepen,B_grow,gamma_setting,strict,0.8,30.0,0.3571,up,437,244,0,0.0,0.0,0.0,19.6,19.6,23.52,19.6,23.52,6.48,23.52,19.6,0.8005,True,1.64
nanjingxi,资本/商业,developer_led,capital_deepen,B_grow,gamma_setting,base,1.0,60.0,0.3571,up,432,372,0,0.0,0.0,0.0,24.5,24.5,29.4,24.5,29.4,30.6,29.4,24.5,0.8007,True,3.74
nanjingxi,资本/商业,developer_led,capital_deepen,B_grow,gamma_setting,permissive,1.5,120.0,0.3571,up,418,396,0,0.0,0.0,0.0,36.76,36.76,44.11,36.76,44.11,75.89,44.11,36.76,0.8037,True,11.98
nanjingxi,资本/商业,developer_led,capital_deepen,B_grow,gamma_setting,none,1.5,100000.0,0.3571,up,418,396,0,0.0,0.0,0.0,36.76,36.76,44.11,36.76,44.11,99955.89,44.11,36.76,0.8037,True,11.98
nanjingxi,资本/商业,state_led,state_civic,B_grow,gamma_setting,strict,0.8,30.0,0.3571,down,189,84,0,0.0,0.0,0.0,15.0,30.0,30.0,19.6,23.52,0.0,30.0,15.0,0.3006,True,-24.48
nanjingxi,资本/商业,state_led,state_civic,B_grow,gamma_setting,base,1.0,60.0,0.3571,down,189,84,0,0.0,0.0,0.0,15.0,30.0,30.0,24.5,29.4,30.0,30.0,15.0,0.3006,True,-24.48
nanjingxi,资本/商业,state_led,state_civic,B_grow,gamma_setting,permissive,1.5,120.0,0.3571,down,189,84,0,0.0,0.0,0.0,15.0,30.0,30.0,36.76,44.11,90.0,30.0,15.0,0.3006,True,-24.48
nanjingxi,资本/商业,state_led,state_civic,B_grow,gamma_setting,none,1.5,100000.0,0.3571,down,189,84,0,0.0,0.0,0.0,15.0,30.0,30.0,36.76,44.11,99970.0,30.0,15.0,0.3006,True,-24.48
nanjingxi,资本/商业,resident_led,resident_retain,B_grow,gamma_setting,strict,0.8,30.0,0.3571,down,235,0,0,0.0,0.0,0.0,,,,19.6,23.52,,,,0.7567,True,-30.55
nanjingxi,资本/商业,resident_led,resident_retain,B_grow,gamma_setting,base,1.0,60.0,0.3571,down,235,0,0,0.0,0.0,0.0,,,,24.5,29.4,,,,0.7567,True,-30.55
nanjingxi,资本/商业,resident_led,resident_retain,B_grow,gamma_setting,permissive,1.5,120.0,0.3571,down,235,0,0,0.0,0.0,0.0,,,,36.76,44.11,,,,0.7567,True,-30.55
nanjingxi,资本/商业,resident_led,resident_retain,B_grow,gamma_setting,none,1.5,100000.0,0.3571,down,235,0,0,0.0,0.0,0.0,,,,36.76,44.11,,,,0.7567,True,-30.55
nanjingxi,资本/商业,shared,shared_commons,B_grow,gamma_setting,strict,0.8,30.0,0.3571,down,72,0,0,0.0,0.0,0.0,,,,19.6,23.52,,,,0.3005,True,-34.85
nanjingxi,资本/商业,shared,shared_commons,B_grow,gamma_setting,base,1.0,60.0,0.3571,down,72,0,0,0.0,0.0,0.0,,,,24.5,29.4,,,,0.3005,True,-34.85
nanjingxi,资本/商业,shared,shared_commons,B_grow,gamma_setting,permissive,1.5,120.0,0.3571,down,72,0,0,0.0,0.0,0.0,,,,36.76,44.11,,,,0.3005,True,-34.85
nanjingxi,资本/商业,shared,shared_commons,B_grow,gamma_setting,none,1.5,100000.0,0.3571,down,72,0,0,0.0,0.0,0.0,,,,36.76,44.11,,,,0.3005,True,-34.85
nanjingxi,资本/商业,developer_led,capital_deepen,B_grow,height_sweep,sweep_h20,1.0,20.0,0.3571,up,437,372,372,0.8513,464499.5,0.0832,24.5,24.5,29.4,24.5,29.4,-9.4,29.4,24.5,0.8008,True,1.78
nanjingxi,资本/商业,developer_led,capital_deepen,B_grow,height_sweep,sweep_h25,1.0,25.0,0.3571,up,432,372,6,0.0139,5626.8,0.0009,24.5,24.5,29.4,24.5,29.4,-4.4,29.4,24.5,0.8007,True,3.71
nanjingxi,资本/商业,developer_led,capital_deepen,B_grow,height_sweep,sweep_h30,1.0,30.0,0.3571,up,432,372,0,0.0,0.0,0.0,24.5,24.5,29.4,24.5,29.4,0.6,29.4,24.5,0.8007,True,3.74
nanjingxi,资本/商业,developer_led,capital_deepen,B_grow,height_sweep,sweep_h35,1.0,35.0,0.3571,up,432,372,0,0.0,0.0,0.0,24.5,24.5,29.4,24.5,29.4,5.6,29.4,24.5,0.8007,True,3.74
nanjingxi,资本/商业,developer_led,capital_deepen,B_grow,height_sweep,sweep_h40,1.0,40.0,0.3571,up,432,372,0,0.0,0.0,0.0,24.5,24.5,29.4,24.5,29.4,10.6,29.4,24.5,0.8007,True,3.74
nanjingxi,资本/商业,developer_led,capital_deepen,B_grow,height_sweep,sweep_h45,1.0,45.0,0.3571,up,432,372,0,0.0,0.0,0.0,24.5,24.5,29.4,24.5,29.4,15.6,29.4,24.5,0.8007,True,3.74
nanjingxi,资本/商业,developer_led,capital_deepen,B_grow,height_sweep,sweep_h50,1.0,50.0,0.3571,up,432,372,0,0.0,0.0,0.0,24.5,24.5,29.4,24.5,29.4,20.6,29.4,24.5,0.8007,True,3.74
nanjingxi,资本/商业,developer_led,capital_deepen,B_grow,height_sweep,sweep_h55,1.0,55.0,0.3571,up,432,372,0,0.0,0.0,0.0,24.5,24.5,29.4,24.5,29.4,25.6,29.4,24.5,0.8007,True,3.74
nanjingxi,资本/商业,developer_led,capital_deepen,B_grow,height_sweep,sweep_h60,1.0,60.0,0.3571,up,432,372,0,0.0,0.0,0.0,24.5,24.5,29.4,24.5,29.4,30.6,29.4,24.5,0.8007,True,3.74
nanjingxi,资本/商业,developer_led,capital_deepen,B_grow,height_sweep,sweep_h80,1.0,80.0,0.3571,up,432,372,0,0.0,0.0,0.0,24.5,24.5,29.4,24.5,29.4,50.6,29.4,24.5,0.8007,True,3.74
nanjingxi,资本/商业,developer_led,capital_deepen,B_grow,height_sweep,sweep_h120,1.0,120.0,0.3571,up,432,372,0,0.0,0.0,0.0,24.5,24.5,29.4,24.5,29.4,90.6,29.4,24.5,0.8007,True,3.74
caoyang,单位/工人新村,developer_led,capital_deepen,B_grow,gamma_setting,strict,0.8,30.0,0.2764,up,779,346,11,0.0141,1366.3,0.0001,25.33,25.33,30.39,25.33,30.39,-0.39,30.39,25.33,0.8003,True,4.97
caoyang,单位/工人新村,developer_led,capital_deepen,B_grow,gamma_setting,base,1.0,60.0,0.2764,up,764,453,0,0.0,0.0,0.0,31.66,31.66,37.99,31.66,37.99,22.01,37.99,31.66,0.8001,True,8.82
caoyang,单位/工人新村,developer_led,capital_deepen,B_grow,gamma_setting,permissive,1.5,120.0,0.2764,up,704,544,0,0.0,0.0,0.0,47.49,47.49,56.98,47.49,56.98,63.02,56.98,47.49,0.8011,True,22.08
caoyang,单位/工人新村,developer_led,capital_deepen,B_grow,gamma_setting,none,1.5,100000.0,0.2764,up,704,544,0,0.0,0.0,0.0,47.49,47.49,56.98,47.49,56.98,99943.02,56.98,47.49,0.8011,True,22.08
caoyang,单位/工人新村,state_led,state_civic,B_grow,gamma_setting,strict,0.8,30.0,0.2764,down,106,55,0,0.0,0.0,0.0,30.0,30.0,30.0,25.33,30.39,0.0,30.0,30.0,0.2337,False,-9.09
caoyang,单位/工人新村,state_led,state_civic,B_grow,gamma_setting,base,1.0,60.0,0.2764,down,106,55,0,0.0,0.0,0.0,30.0,30.0,30.0,31.66,37.99,30.0,30.0,30.0,0.2337,False,-9.09
caoyang,单位/工人新村,state_led,state_civic,B_grow,gamma_setting,permissive,1.5,120.0,0.2764,down,106,55,0,0.0,0.0,0.0,30.0,30.0,30.0,47.49,56.98,90.0,30.0,30.0,0.2337,False,-9.09
caoyang,单位/工人新村,state_led,state_civic,B_grow,gamma_setting,none,1.5,100000.0,0.2764,down,106,55,0,0.0,0.0,0.0,30.0,30.0,30.0,47.49,56.98,99970.0,30.0,30.0,0.2337,False,-9.09
caoyang,单位/工人新村,resident_led,resident_retain,B_grow,gamma_setting,strict,0.8,30.0,0.2764,down,66,0,0,0.0,0.0,0.0,,,,25.33,30.39,,,,0.7511,True,-3.91
caoyang,单位/工人新村,resident_led,resident_retain,B_grow,gamma_setting,base,1.0,60.0,0.2764,down,66,0,0,0.0,0.0,0.0,,,,31.66,37.99,,,,0.7511,True,-3.91
caoyang,单位/工人新村,resident_led,resident_retain,B_grow,gamma_setting,permissive,1.5,120.0,0.2764,down,66,0,0,0.0,0.0,0.0,,,,47.49,56.98,,,,0.7511,True,-3.91
caoyang,单位/工人新村,resident_led,resident_retain,B_grow,gamma_setting,none,1.5,100000.0,0.2764,down,66,0,0,0.0,0.0,0.0,,,,47.49,56.98,,,,0.7511,True,-3.91
caoyang,单位/工人新村,shared,shared_commons,B_grow,gamma_setting,strict,0.8,30.0,0.2764,down,110,0,0,0.0,0.0,0.0,,,,25.33,30.39,,,,0.2484,False,-9.25
caoyang,单位/工人新村,shared,shared_commons,B_grow,gamma_setting,base,1.0,60.0,0.2764,down,110,0,0,0.0,0.0,0.0,,,,31.66,37.99,,,,0.2484,False,-9.25
caoyang,单位/工人新村,shared,shared_commons,B_grow,gamma_setting,permissive,1.5,120.0,0.2764,down,110,0,0,0.0,0.0,0.0,,,,47.49,56.98,,,,0.2484,False,-9.25
caoyang,单位/工人新村,shared,shared_commons,B_grow,gamma_setting,none,1.5,100000.0,0.2764,down,110,0,0,0.0,0.0,0.0,,,,47.49,56.98,,,,0.2484,False,-9.25
caoyang,单位/工人新村,developer_led,capital_deepen,B_grow,height_sweep,sweep_h20,1.0,20.0,0.2764,up,795,482,482,0.6063,1632309.5,0.1153,31.66,31.66,37.99,31.66,37.99,-17.99,37.99,31.66,0.8001,True,2.23
caoyang,单位/工人新村,developer_led,capital_deepen,B_grow,height_sweep,sweep_h25,1.0,25.0,0.2764,up,781,468,468,0.5992,1020031.9,0.0697,31.66,31.66,37.99,31.66,37.99,-12.99,37.99,31.66,0.8004,True,4.72
caoyang,单位/工人新村,developer_led,capital_deepen,B_grow,height_sweep,sweep_h30,1.0,30.0,0.2764,up,773,462,462,0.5977,339314.1,0.0224,31.66,31.66,37.99,31.66,37.99,-7.99,37.99,31.66,0.8001,True,7.56
caoyang,单位/工人新村,developer_led,capital_deepen,B_grow,height_sweep,sweep_h35,1.0,35.0,0.2764,up,765,454,13,0.017,11880.9,0.0008,31.66,31.66,37.99,31.66,37.99,-2.99,37.99,31.66,0.8002,True,8.79
caoyang,单位/工人新村,developer_led,capital_deepen,B_grow,height_sweep,sweep_h40,1.0,40.0,0.2764,up,764,453,0,0.0,0.0,0.0,31.66,31.66,37.99,31.66,37.99,2.01,37.99,31.66,0.8001,True,8.82
caoyang,单位/工人新村,developer_led,capital_deepen,B_grow,height_sweep,sweep_h45,1.0,45.0,0.2764,up,764,453,0,0.0,0.0,0.0,31.66,31.66,37.99,31.66,37.99,7.01,37.99,31.66,0.8001,True,8.82
caoyang,单位/工人新村,developer_led,capital_deepen,B_grow,height_sweep,sweep_h50,1.0,50.0,0.2764,up,764,453,0,0.0,0.0,0.0,31.66,31.66,37.99,31.66,37.99,12.01,37.99,31.66,0.8001,True,8.82
caoyang,单位/工人新村,developer_led,capital_deepen,B_grow,height_sweep,sweep_h55,1.0,55.0,0.2764,up,764,453,0,0.0,0.0,0.0,31.66,31.66,37.99,31.66,37.99,17.01,37.99,31.66,0.8001,True,8.82
caoyang,单位/工人新村,developer_led,capital_deepen,B_grow,height_sweep,sweep_h60,1.0,60.0,0.2764,up,764,453,0,0.0,0.0,0.0,31.66,31.66,37.99,31.66,37.99,22.01,37.99,31.66,0.8001,True,8.82
caoyang,单位/工人新村,developer_led,capital_deepen,B_grow,height_sweep,sweep_h80,1.0,80.0,0.2764,up,764,453,0,0.0,0.0,0.0,31.66,31.66,37.99,31.66,37.99,42.01,37.99,31.66,0.8001,True,8.82
caoyang,单位/工人新村,developer_led,capital_deepen,B_grow,height_sweep,sweep_h120,1.0,120.0,0.2764,up,764,453,0,0.0,0.0,0.0,31.66,31.66,37.99,31.66,37.99,82.01,37.99,31.66,0.8001,True,8.82
pengpu,单位/工人新村,developer_led,capital_deepen,B_grow,gamma_setting,strict,0.8,30.0,0.2848,up,1432,435,0,0.0,0.0,0.0,24.58,24.58,29.5,24.58,29.5,0.5,29.5,24.58,0.8002,True,5.58
pengpu,单位/工人新村,developer_led,capital_deepen,B_grow,gamma_setting,base,1.0,60.0,0.2848,up,1429,475,0,0.0,0.0,0.0,30.73,30.73,36.87,30.73,36.87,23.13,36.87,30.73,0.8005,True,8.79
pengpu,单位/工人新村,developer_led,capital_deepen,B_grow,gamma_setting,permissive,1.5,120.0,0.2848,up,1398,734,0,0.0,0.0,0.0,46.09,46.09,55.31,46.09,55.31,64.69,55.31,46.09,0.8,True,20.02
pengpu,单位/工人新村,developer_led,capital_deepen,B_grow,gamma_setting,none,1.5,100000.0,0.2848,up,1398,734,0,0.0,0.0,0.0,46.09,46.09,55.31,46.09,55.31,99944.69,55.31,46.09,0.8,True,20.02
pengpu,单位/工人新村,state_led,state_civic,B_grow,gamma_setting,strict,0.8,30.0,0.2848,down,15,5,0,0.0,0.0,0.0,30.0,30.0,30.0,24.58,29.5,0.0,30.0,30.0,0.0628,False,-1.33
pengpu,单位/工人新村,state_led,state_civic,B_grow,gamma_setting,base,1.0,60.0,0.2848,down,15,5,0,0.0,0.0,0.0,30.0,30.0,30.0,30.73,36.87,30.0,30.0,30.0,0.0628,False,-1.33
pengpu,单位/工人新村,state_led,state_civic,B_grow,gamma_setting,permissive,1.5,120.0,0.2848,down,15,5,0,0.0,0.0,0.0,30.0,30.0,30.0,46.09,55.31,90.0,30.0,30.0,0.0628,False,-1.33
pengpu,单位/工人新村,state_led,state_civic,B_grow,gamma_setting,none,1.5,100000.0,0.2848,down,15,5,0,0.0,0.0,0.0,30.0,30.0,30.0,46.09,55.31,99970.0,30.0,30.0,0.0628,False,-1.33
pengpu,单位/工人新村,resident_led,resident_retain,B_grow,gamma_setting,strict,0.8,30.0,0.2848,down,0,0,0,0.0,0.0,0.0,,,,24.58,29.5,,,,0.918,True,0.0
pengpu,单位/工人新村,resident_led,resident_retain,B_grow,gamma_setting,base,1.0,60.0,0.2848,down,0,0,0,0.0,0.0,0.0,,,,30.73,36.87,,,,0.918,True,0.0
pengpu,单位/工人新村,resident_led,resident_retain,B_grow,gamma_setting,permissive,1.5,120.0,0.2848,down,0,0,0,0.0,0.0,0.0,,,,46.09,55.31,,,,0.918,True,0.0
pengpu,单位/工人新村,resident_led,resident_retain,B_grow,gamma_setting,none,1.5,100000.0,0.2848,down,0,0,0,0.0,0.0,0.0,,,,46.09,55.31,,,,0.918,True,0.0
pengpu,单位/工人新村,shared,shared_commons,B_grow,gamma_setting,strict,0.8,30.0,0.2848,down,22,0,0,0.0,0.0,0.0,,,,24.58,29.5,,,,0.067,False,-1.4
pengpu,单位/工人新村,shared,shared_commons,B_grow,gamma_setting,base,1.0,60.0,0.2848,down,22,0,0,0.0,0.0,0.0,,,,30.73,36.87,,,,0.067,False,-1.4
pengpu,单位/工人新村,shared,shared_commons,B_grow,gamma_setting,permissive,1.5,120.0,0.2848,down,22,0,0,0.0,0.0,0.0,,,,46.09,55.31,,,,0.067,False,-1.4
pengpu,单位/工人新村,shared,shared_commons,B_grow,gamma_setting,none,1.5,100000.0,0.2848,down,22,0,0,0.0,0.0,0.0,,,,46.09,55.31,,,,0.067,False,-1.4
pengpu,单位/工人新村,developer_led,capital_deepen,B_grow,height_sweep,sweep_h20,1.0,20.0,0.2848,up,1434,475,475,0.3312,1955752.6,0.0666,30.73,30.73,36.87,30.73,36.87,-16.87,36.87,30.73,0.8,True,3.5
pengpu,单位/工人新村,developer_led,capital_deepen,B_grow,height_sweep,sweep_h25,1.0,25.0,0.2848,up,1432,475,475,0.3317,1137611.1,0.0379,30.73,30.73,36.87,30.73,36.87,-11.87,36.87,30.73,0.8004,True,5.71
pengpu,单位/工人新村,developer_led,capital_deepen,B_grow,height_sweep,sweep_h30,1.0,30.0,0.2848,up,1430,475,475,0.3322,191870.5,0.0062,30.73,30.73,36.87,30.73,36.87,-6.87,36.87,30.73,0.8013,True,8.27
pengpu,单位/工人新村,developer_led,capital_deepen,B_grow,height_sweep,sweep_h35,1.0,35.0,0.2848,up,1429,475,36,0.0252,12087.1,0.0004,30.73,30.73,36.87,30.73,36.87,-1.87,36.87,30.73,0.8004,True,8.76
pengpu,单位/工人新村,developer_led,capital_deepen,B_grow,height_sweep,sweep_h40,1.0,40.0,0.2848,up,1429,475,0,0.0,0.0,0.0,30.73,30.73,36.87,30.73,36.87,3.13,36.87,30.73,0.8005,True,8.79
pengpu,单位/工人新村,developer_led,capital_deepen,B_grow,height_sweep,sweep_h45,1.0,45.0,0.2848,up,1429,475,0,0.0,0.0,0.0,30.73,30.73,36.87,30.73,36.87,8.13,36.87,30.73,0.8005,True,8.79
pengpu,单位/工人新村,developer_led,capital_deepen,B_grow,height_sweep,sweep_h50,1.0,50.0,0.2848,up,1429,475,0,0.0,0.0,0.0,30.73,30.73,36.87,30.73,36.87,13.13,36.87,30.73,0.8005,True,8.79
pengpu,单位/工人新村,developer_led,capital_deepen,B_grow,height_sweep,sweep_h55,1.0,55.0,0.2848,up,1429,475,0,0.0,0.0,0.0,30.73,30.73,36.87,30.73,36.87,18.13,36.87,30.73,0.8005,True,8.79
pengpu,单位/工人新村,developer_led,capital_deepen,B_grow,height_sweep,sweep_h60,1.0,60.0,0.2848,up,1429,475,0,0.0,0.0,0.0,30.73,30.73,36.87,30.73,36.87,23.13,36.87,30.73,0.8005,True,8.79
pengpu,单位/工人新村,developer_led,capital_deepen,B_grow,height_sweep,sweep_h80,1.0,80.0,0.2848,up,1429,475,0,0.0,0.0,0.0,30.73,30.73,36.87,30.73,36.87,43.13,36.87,30.73,0.8005,True,8.79
pengpu,单位/工人新村,developer_led,capital_deepen,B_grow,height_sweep,sweep_h120,1.0,120.0,0.2848,up,1429,475,0,0.0,0.0,0.0,30.73,30.73,36.87,30.73,36.87,83.13,36.87,30.73,0.8005,True,8.79
laoximen,居民/里弄石库门,developer_led,capital_deepen,B_grow,gamma_setting,strict,0.8,30.0,0.3705,up,714,590,0,0.0,0.0,0.0,18.89,18.89,22.67,18.89,22.67,7.33,22.67,18.89,0.8001,True,5.99
laoximen,居民/里弄石库门,developer_led,capital_deepen,B_grow,gamma_setting,base,1.0,60.0,0.3705,up,709,590,0,0.0,0.0,0.0,23.62,23.62,28.34,23.62,28.34,31.66,28.34,23.62,0.8007,True,13.22
laoximen,居民/里弄石库门,developer_led,capital_deepen,B_grow,gamma_setting,permissive,1.5,120.0,0.3705,up,697,652,0,0.0,0.0,0.0,35.43,35.43,42.51,35.43,42.51,77.49,42.51,35.43,0.8006,True,32.79
laoximen,居民/里弄石库门,developer_led,capital_deepen,B_grow,gamma_setting,none,1.5,100000.0,0.3705,up,697,652,0,0.0,0.0,0.0,35.43,35.43,42.51,35.43,42.51,99957.49,42.51,35.43,0.8006,True,32.79
laoximen,居民/里弄石库门,state_led,state_civic,B_grow,gamma_setting,strict,0.8,30.0,0.3705,down,45,19,0,0.0,0.0,0.0,30.0,30.0,30.0,18.89,22.67,0.0,30.0,30.0,0.2203,False,-7.32
laoximen,居民/里弄石库门,state_led,state_civic,B_grow,gamma_setting,base,1.0,60.0,0.3705,down,45,19,0,0.0,0.0,0.0,30.0,30.0,30.0,23.62,28.34,30.0,30.0,30.0,0.2203,False,-7.32
laoximen,居民/里弄石库门,state_led,state_civic,B_grow,gamma_setting,permissive,1.5,120.0,0.3705,down,45,19,0,0.0,0.0,0.0,30.0,30.0,30.0,35.43,42.51,90.0,30.0,30.0,0.2203,False,-7.32
laoximen,居民/里弄石库门,state_led,state_civic,B_grow,gamma_setting,none,1.5,100000.0,0.3705,down,45,19,0,0.0,0.0,0.0,30.0,30.0,30.0,35.43,42.51,99970.0,30.0,30.0,0.2203,False,-7.32
laoximen,居民/里弄石库门,resident_led,resident_retain,B_grow,gamma_setting,strict,0.8,30.0,0.3705,down,73,0,0,0.0,0.0,0.0,,,,18.89,22.67,,,,0.7556,True,-12.92
laoximen,居民/里弄石库门,resident_led,resident_retain,B_grow,gamma_setting,base,1.0,60.0,0.3705,down,73,0,0,0.0,0.0,0.0,,,,23.62,28.34,,,,0.7556,True,-12.92
laoximen,居民/里弄石库门,resident_led,resident_retain,B_grow,gamma_setting,permissive,1.5,120.0,0.3705,down,73,0,0,0.0,0.0,0.0,,,,35.43,42.51,,,,0.7556,True,-12.92
laoximen,居民/里弄石库门,resident_led,resident_retain,B_grow,gamma_setting,none,1.5,100000.0,0.3705,down,73,0,0,0.0,0.0,0.0,,,,35.43,42.51,,,,0.7556,True,-12.92
laoximen,居民/里弄石库门,shared,shared_commons,B_grow,gamma_setting,strict,0.8,30.0,0.3705,down,83,0,0,0.0,0.0,0.0,,,,18.89,22.67,,,,0.2952,False,-15.96
laoximen,居民/里弄石库门,shared,shared_commons,B_grow,gamma_setting,base,1.0,60.0,0.3705,down,83,0,0,0.0,0.0,0.0,,,,23.62,28.34,,,,0.2952,False,-15.96
laoximen,居民/里弄石库门,shared,shared_commons,B_grow,gamma_setting,permissive,1.5,120.0,0.3705,down,83,0,0,0.0,0.0,0.0,,,,35.43,42.51,,,,0.2952,False,-15.96
laoximen,居民/里弄石库门,shared,shared_commons,B_grow,gamma_setting,none,1.5,100000.0,0.3705,down,83,0,0,0.0,0.0,0.0,,,,35.43,42.51,,,,0.2952,False,-15.96
laoximen,居民/里弄石库门,developer_led,capital_deepen,B_grow,height_sweep,sweep_h20,1.0,20.0,0.3705,up,712,590,590,0.8287,881910.2,0.0934,23.62,23.62,28.34,23.62,28.34,-8.34,28.34,23.62,0.8018,True,7.63
laoximen,居民/里弄石库门,developer_led,capital_deepen,B_grow,height_sweep,sweep_h25,1.0,25.0,0.3705,up,709,590,10,0.0141,6861.8,0.0007,23.62,23.62,28.34,23.62,28.34,-3.34,28.34,23.62,0.8006,True,13.18
laoximen,居民/里弄石库门,developer_led,capital_deepen,B_grow,height_sweep,sweep_h30,1.0,30.0,0.3705,up,709,590,0,0.0,0.0,0.0,23.62,23.62,28.34,23.62,28.34,1.66,28.34,23.62,0.8007,True,13.22
laoximen,居民/里弄石库门,developer_led,capital_deepen,B_grow,height_sweep,sweep_h35,1.0,35.0,0.3705,up,709,590,0,0.0,0.0,0.0,23.62,23.62,28.34,23.62,28.34,6.66,28.34,23.62,0.8007,True,13.22
laoximen,居民/里弄石库门,developer_led,capital_deepen,B_grow,height_sweep,sweep_h40,1.0,40.0,0.3705,up,709,590,0,0.0,0.0,0.0,23.62,23.62,28.34,23.62,28.34,11.66,28.34,23.62,0.8007,True,13.22
laoximen,居民/里弄石库门,developer_led,capital_deepen,B_grow,height_sweep,sweep_h45,1.0,45.0,0.3705,up,709,590,0,0.0,0.0,0.0,23.62,23.62,28.34,23.62,28.34,16.66,28.34,23.62,0.8007,True,13.22
laoximen,居民/里弄石库门,developer_led,capital_deepen,B_grow,height_sweep,sweep_h50,1.0,50.0,0.3705,up,709,590,0,0.0,0.0,0.0,23.62,23.62,28.34,23.62,28.34,21.66,28.34,23.62,0.8007,True,13.22
laoximen,居民/里弄石库门,developer_led,capital_deepen,B_grow,height_sweep,sweep_h55,1.0,55.0,0.3705,up,709,590,0,0.0,0.0,0.0,23.62,23.62,28.34,23.62,28.34,26.66,28.34,23.62,0.8007,True,13.22
laoximen,居民/里弄石库门,developer_led,capital_deepen,B_grow,height_sweep,sweep_h60,1.0,60.0,0.3705,up,709,590,0,0.0,0.0,0.0,23.62,23.62,28.34,23.62,28.34,31.66,28.34,23.62,0.8007,True,13.22
laoximen,居民/里弄石库门,developer_led,capital_deepen,B_grow,height_sweep,sweep_h80,1.0,80.0,0.3705,up,709,590,0,0.0,0.0,0.0,23.62,23.62,28.34,23.62,28.34,51.66,28.34,23.62,0.8007,True,13.22
laoximen,居民/里弄石库门,developer_led,capital_deepen,B_grow,height_sweep,sweep_h120,1.0,120.0,0.3705,up,709,590,0,0.0,0.0,0.0,23.62,23.62,28.34,23.62,28.34,91.66,28.34,23.62,0.8007,True,13.22
yuyuan,居民/里弄老城,developer_led,capital_deepen,B_grow,gamma_setting,strict,0.8,30.0,0.3623,up,517,455,0,0.0,0.0,0.0,19.32,19.32,23.19,19.32,23.19,6.81,23.19,19.32,0.8001,True,7.18
yuyuan,居民/里弄老城,developer_led,capital_deepen,B_grow,gamma_setting,base,1.0,60.0,0.3623,up,496,457,0,0.0,0.0,0.0,24.15,24.15,28.98,24.15,28.98,31.02,28.98,24.15,0.8002,True,14.15
yuyuan,居民/里弄老城,developer_led,capital_deepen,B_grow,gamma_setting,permissive,1.5,120.0,0.3623,up,449,432,0,0.0,0.0,0.0,36.23,36.23,43.47,36.23,43.47,76.53,43.47,36.23,0.8006,True,30.28
yuyuan,居民/里弄老城,developer_led,capital_deepen,B_grow,gamma_setting,none,1.5,100000.0,0.3623,up,449,432,0,0.0,0.0,0.0,36.23,36.23,43.47,36.23,43.47,99956.53,43.47,36.23,0.8006,True,30.28
yuyuan,居民/里弄老城,state_led,state_civic,B_grow,gamma_setting,strict,0.8,30.0,0.3623,down,46,28,0,0.0,0.0,0.0,30.0,30.0,30.0,19.32,23.19,0.0,30.0,30.0,0.2192,False,-9.77
yuyuan,居民/里弄老城,state_led,state_civic,B_grow,gamma_setting,base,1.0,60.0,0.3623,down,46,28,0,0.0,0.0,0.0,30.0,30.0,30.0,24.15,28.98,30.0,30.0,30.0,0.2192,False,-9.77
yuyuan,居民/里弄老城,state_led,state_civic,B_grow,gamma_setting,permissive,1.5,120.0,0.3623,down,46,28,0,0.0,0.0,0.0,30.0,30.0,30.0,36.23,43.47,90.0,30.0,30.0,0.2192,False,-9.77
yuyuan,居民/里弄老城,state_led,state_civic,B_grow,gamma_setting,none,1.5,100000.0,0.3623,down,46,28,0,0.0,0.0,0.0,30.0,30.0,30.0,36.23,43.47,99970.0,30.0,30.0,0.2192,False,-9.77
yuyuan,居民/里弄老城,resident_led,resident_retain,B_grow,gamma_setting,strict,0.8,30.0,0.3623,down,150,0,0,0.0,0.0,0.0,,,,19.32,23.19,,,,0.7572,True,-14.56
yuyuan,居民/里弄老城,resident_led,resident_retain,B_grow,gamma_setting,base,1.0,60.0,0.3623,down,150,0,0,0.0,0.0,0.0,,,,24.15,28.98,,,,0.7572,True,-14.56
yuyuan,居民/里弄老城,resident_led,resident_retain,B_grow,gamma_setting,permissive,1.5,120.0,0.3623,down,150,0,0,0.0,0.0,0.0,,,,36.23,43.47,,,,0.7572,True,-14.56
yuyuan,居民/里弄老城,resident_led,resident_retain,B_grow,gamma_setting,none,1.5,100000.0,0.3623,down,150,0,0,0.0,0.0,0.0,,,,36.23,43.47,,,,0.7572,True,-14.56
yuyuan,居民/里弄老城,shared,shared_commons,B_grow,gamma_setting,strict,0.8,30.0,0.3623,down,31,0,0,0.0,0.0,0.0,,,,19.32,23.19,,,,0.3002,True,-13.55
yuyuan,居民/里弄老城,shared,shared_commons,B_grow,gamma_setting,base,1.0,60.0,0.3623,down,31,0,0,0.0,0.0,0.0,,,,24.15,28.98,,,,0.3002,True,-13.55
yuyuan,居民/里弄老城,shared,shared_commons,B_grow,gamma_setting,permissive,1.5,120.0,0.3623,down,31,0,0,0.0,0.0,0.0,,,,36.23,43.47,,,,0.3002,True,-13.55
yuyuan,居民/里弄老城,shared,shared_commons,B_grow,gamma_setting,none,1.5,100000.0,0.3623,down,31,0,0,0.0,0.0,0.0,,,,36.23,43.47,,,,0.3002,True,-13.55
yuyuan,居民/里弄老城,developer_led,capital_deepen,B_grow,height_sweep,sweep_h20,1.0,20.0,0.3623,up,517,478,478,0.9246,812135.3,0.1285,24.15,24.15,28.98,24.15,28.98,-8.98,28.98,24.15,0.8019,True,8.15
yuyuan,居民/里弄老城,developer_led,capital_deepen,B_grow,height_sweep,sweep_h25,1.0,25.0,0.3623,up,496,457,6,0.0121,11111.6,0.0016,24.15,24.15,28.98,24.15,28.98,-3.98,28.98,24.15,0.8001,True,14.06
yuyuan,居民/里弄老城,developer_led,capital_deepen,B_grow,height_sweep,sweep_h30,1.0,30.0,0.3623,up,496,457,0,0.0,0.0,0.0,24.15,24.15,28.98,24.15,28.98,1.02,28.98,24.15,0.8002,True,14.15
yuyuan,居民/里弄老城,developer_led,capital_deepen,B_grow,height_sweep,sweep_h35,1.0,35.0,0.3623,up,496,457,0,0.0,0.0,0.0,24.15,24.15,28.98,24.15,28.98,6.02,28.98,24.15,0.8002,True,14.15
yuyuan,居民/里弄老城,developer_led,capital_deepen,B_grow,height_sweep,sweep_h40,1.0,40.0,0.3623,up,496,457,0,0.0,0.0,0.0,24.15,24.15,28.98,24.15,28.98,11.02,28.98,24.15,0.8002,True,14.15
yuyuan,居民/里弄老城,developer_led,capital_deepen,B_grow,height_sweep,sweep_h45,1.0,45.0,0.3623,up,496,457,0,0.0,0.0,0.0,24.15,24.15,28.98,24.15,28.98,16.02,28.98,24.15,0.8002,True,14.15
yuyuan,居民/里弄老城,developer_led,capital_deepen,B_grow,height_sweep,sweep_h50,1.0,50.0,0.3623,up,496,457,0,0.0,0.0,0.0,24.15,24.15,28.98,24.15,28.98,21.02,28.98,24.15,0.8002,True,14.15
yuyuan,居民/里弄老城,developer_led,capital_deepen,B_grow,height_sweep,sweep_h55,1.0,55.0,0.3623,up,496,457,0,0.0,0.0,0.0,24.15,24.15,28.98,24.15,28.98,26.02,28.98,24.15,0.8002,True,14.15
yuyuan,居民/里弄老城,developer_led,capital_deepen,B_grow,height_sweep,sweep_h60,1.0,60.0,0.3623,up,496,457,0,0.0,0.0,0.0,24.15,24.15,28.98,24.15,28.98,31.02,28.98,24.15,0.8002,True,14.15
yuyuan,居民/里弄老城,developer_led,capital_deepen,B_grow,height_sweep,sweep_h80,1.0,80.0,0.3623,up,496,457,0,0.0,0.0,0.0,24.15,24.15,28.98,24.15,28.98,51.02,28.98,24.15,0.8002,True,14.15
yuyuan,居民/里弄老城,developer_led,capital_deepen,B_grow,height_sweep,sweep_h120,1.0,120.0,0.3623,up,496,457,0,0.0,0.0,0.0,24.15,24.15,28.98,24.15,28.98,91.02,28.98,24.15,0.8002,True,14.15
dapuqiao,居民/里弄+田子坊,developer_led,capital_deepen,B_grow,gamma_setting,strict,0.8,30.0,0.318,up,464,257,0,0.0,0.0,0.0,22.01,22.01,26.42,22.01,26.42,3.58,26.42,22.01,0.8021,True,2.9
dapuqiao,居民/里弄+田子坊,developer_led,capital_deepen,B_grow,gamma_setting,base,1.0,60.0,0.318,up,460,300,0,0.0,0.0,0.0,27.52,27.52,33.02,27.52,33.02,26.98,33.02,27.52,0.8005,True,5.44
dapuqiao,居民/里弄+田子坊,developer_led,capital_deepen,B_grow,gamma_setting,permissive,1.5,120.0,0.318,up,457,374,0,0.0,0.0,0.0,41.28,41.28,49.53,41.28,49.53,70.47,49.53,41.28,0.8094,True,14.21
dapuqiao,居民/里弄+田子坊,developer_led,capital_deepen,B_grow,gamma_setting,none,1.5,100000.0,0.318,up,457,374,0,0.0,0.0,0.0,41.28,41.28,49.53,41.28,49.53,99950.47,49.53,41.28,0.8094,True,14.21
dapuqiao,居民/里弄+田子坊,state_led,state_civic,B_grow,gamma_setting,strict,0.8,30.0,0.318,down,139,76,0,0.0,0.0,0.0,15.0,30.0,30.0,22.01,26.42,0.0,30.0,15.0,0.3002,True,-9.27
dapuqiao,居民/里弄+田子坊,state_led,state_civic,B_grow,gamma_setting,base,1.0,60.0,0.318,down,139,76,0,0.0,0.0,0.0,15.0,30.0,30.0,27.52,33.02,30.0,30.0,15.0,0.3002,True,-9.27
dapuqiao,居民/里弄+田子坊,state_led,state_civic,B_grow,gamma_setting,permissive,1.5,120.0,0.318,down,139,76,0,0.0,0.0,0.0,15.0,30.0,30.0,41.28,49.53,90.0,30.0,15.0,0.3002,True,-9.27
dapuqiao,居民/里弄+田子坊,state_led,state_civic,B_grow,gamma_setting,none,1.5,100000.0,0.318,down,139,76,0,0.0,0.0,0.0,15.0,30.0,30.0,41.28,49.53,99970.0,30.0,15.0,0.3002,True,-9.27
dapuqiao,居民/里弄+田子坊,resident_led,resident_retain,B_grow,gamma_setting,strict,0.8,30.0,0.318,down,175,0,0,0.0,0.0,0.0,,,,22.01,26.42,,,,0.7527,True,-18.67
dapuqiao,居民/里弄+田子坊,resident_led,resident_retain,B_grow,gamma_setting,base,1.0,60.0,0.318,down,175,0,0,0.0,0.0,0.0,,,,27.52,33.02,,,,0.7527,True,-18.67
dapuqiao,居民/里弄+田子坊,resident_led,resident_retain,B_grow,gamma_setting,permissive,1.5,120.0,0.318,down,175,0,0,0.0,0.0,0.0,,,,41.28,49.53,,,,0.7527,True,-18.67
dapuqiao,居民/里弄+田子坊,resident_led,resident_retain,B_grow,gamma_setting,none,1.5,100000.0,0.318,down,175,0,0,0.0,0.0,0.0,,,,41.28,49.53,,,,0.7527,True,-18.67
dapuqiao,居民/里弄+田子坊,shared,shared_commons,B_grow,gamma_setting,strict,0.8,30.0,0.318,down,39,0,0,0.0,0.0,0.0,,,,22.01,26.42,,,,0.3003,True,-16.11
dapuqiao,居民/里弄+田子坊,shared,shared_commons,B_grow,gamma_setting,base,1.0,60.0,0.318,down,39,0,0,0.0,0.0,0.0,,,,27.52,33.02,,,,0.3003,True,-16.11
dapuqiao,居民/里弄+田子坊,shared,shared_commons,B_grow,gamma_setting,permissive,1.5,120.0,0.318,down,39,0,0,0.0,0.0,0.0,,,,41.28,49.53,,,,0.3003,True,-16.11
dapuqiao,居民/里弄+田子坊,shared,shared_commons,B_grow,gamma_setting,none,1.5,100000.0,0.318,down,39,0,0,0.0,0.0,0.0,,,,41.28,49.53,,,,0.3003,True,-16.11
dapuqiao,居民/里弄+田子坊,developer_led,capital_deepen,B_grow,height_sweep,sweep_h20,1.0,20.0,0.318,up,464,300,300,0.6466,826430.3,0.0755,27.52,27.52,33.02,27.52,33.02,-13.02,33.02,27.52,0.8003,True,1.97
dapuqiao,居民/里弄+田子坊,developer_led,capital_deepen,B_grow,height_sweep,sweep_h25,1.0,25.0,0.318,up,464,300,300,0.6466,327794.4,0.0286,27.52,27.52,33.02,27.52,33.02,-8.02,33.02,27.52,0.8043,True,4.07
dapuqiao,居民/里弄+田子坊,developer_led,capital_deepen,B_grow,height_sweep,sweep_h30,1.0,30.0,0.318,up,460,300,23,0.05,21780.0,0.0019,27.52,27.52,33.02,27.52,33.02,-3.02,33.02,27.52,0.8004,True,5.35
dapuqiao,居民/里弄+田子坊,developer_led,capital_deepen,B_grow,height_sweep,sweep_h35,1.0,35.0,0.318,up,460,300,0,0.0,0.0,0.0,27.52,27.52,33.02,27.52,33.02,1.98,33.02,27.52,0.8005,True,5.44
dapuqiao,居民/里弄+田子坊,developer_led,capital_deepen,B_grow,height_sweep,sweep_h40,1.0,40.0,0.318,up,460,300,0,0.0,0.0,0.0,27.52,27.52,33.02,27.52,33.02,6.98,33.02,27.52,0.8005,True,5.44
dapuqiao,居民/里弄+田子坊,developer_led,capital_deepen,B_grow,height_sweep,sweep_h45,1.0,45.0,0.318,up,460,300,0,0.0,0.0,0.0,27.52,27.52,33.02,27.52,33.02,11.98,33.02,27.52,0.8005,True,5.44
dapuqiao,居民/里弄+田子坊,developer_led,capital_deepen,B_grow,height_sweep,sweep_h50,1.0,50.0,0.318,up,460,300,0,0.0,0.0,0.0,27.52,27.52,33.02,27.52,33.02,16.98,33.02,27.52,0.8005,True,5.44
dapuqiao,居民/里弄+田子坊,developer_led,capital_deepen,B_grow,height_sweep,sweep_h55,1.0,55.0,0.318,up,460,300,0,0.0,0.0,0.0,27.52,27.52,33.02,27.52,33.02,21.98,33.02,27.52,0.8005,True,5.44
dapuqiao,居民/里弄+田子坊,developer_led,capital_deepen,B_grow,height_sweep,sweep_h60,1.0,60.0,0.318,up,460,300,0,0.0,0.0,0.0,27.52,27.52,33.02,27.52,33.02,26.98,33.02,27.52,0.8005,True,5.44
dapuqiao,居民/里弄+田子坊,developer_led,capital_deepen,B_grow,height_sweep,sweep_h80,1.0,80.0,0.318,up,460,300,0,0.0,0.0,0.0,27.52,27.52,33.02,27.52,33.02,46.98,33.02,27.52,0.8005,True,5.44
dapuqiao,居民/里弄+田子坊,developer_led,capital_deepen,B_grow,height_sweep,sweep_h120,1.0,120.0,0.318,up,460,300,0,0.0,0.0,0.0,27.52,27.52,33.02,27.52,33.02,86.98,33.02,27.52,0.8005,True,5.44
zhangjiang,产业/科技新城,developer_led,capital_deepen,B_grow,gamma_setting,strict,0.8,30.0,0.1805,up,613,475,475,0.7749,3120303.5,0.1559,38.78,38.78,46.53,38.78,46.53,-16.53,46.53,38.78,0.7575,False,4.79
zhangjiang,产业/科技新城,developer_led,capital_deepen,B_grow,gamma_setting,base,1.0,60.0,0.1805,up,613,542,0,0.0,0.0,0.0,48.47,48.47,58.17,48.47,58.17,1.83,58.17,48.47,0.7737,False,12.3
zhangjiang,产业/科技新城,developer_led,capital_deepen,B_grow,gamma_setting,permissive,1.5,120.0,0.1805,up,613,592,0,0.0,0.0,0.0,72.71,72.71,87.25,72.71,87.25,32.75,87.25,72.71,0.7956,False,24.34
zhangjiang,产业/科技新城,developer_led,capital_deepen,B_grow,gamma_setting,none,1.5,100000.0,0.1805,up,613,592,0,0.0,0.0,0.0,72.71,72.71,87.25,72.71,87.25,99912.75,87.25,72.71,0.7956,False,24.34
zhangjiang,产业/科技新城,state_led,state_civic,B_grow,gamma_setting,strict,0.8,30.0,0.1805,down,211,198,0,0.0,0.0,0.0,15.0,30.0,30.0,38.78,46.53,0.0,30.0,15.0,0.3,True,2.1
zhangjiang,产业/科技新城,state_led,state_civic,B_grow,gamma_setting,base,1.0,60.0,0.1805,down,211,198,0,0.0,0.0,0.0,15.0,30.0,30.0,48.47,58.17,30.0,30.0,15.0,0.3,True,2.1
zhangjiang,产业/科技新城,state_led,state_civic,B_grow,gamma_setting,permissive,1.5,120.0,0.1805,down,211,198,0,0.0,0.0,0.0,15.0,30.0,30.0,72.71,87.25,90.0,30.0,15.0,0.3,True,2.1
zhangjiang,产业/科技新城,state_led,state_civic,B_grow,gamma_setting,none,1.5,100000.0,0.1805,down,211,198,0,0.0,0.0,0.0,15.0,30.0,30.0,72.71,87.25,99970.0,30.0,15.0,0.3,True,2.1
zhangjiang,产业/科技新城,resident_led,resident_retain,B_grow,gamma_setting,strict,0.8,30.0,0.1805,down,1658,0,0,0.0,0.0,0.0,,,,38.78,46.53,,,,0.6723,False,-22.47
zhangjiang,产业/科技新城,resident_led,resident_retain,B_grow,gamma_setting,base,1.0,60.0,0.1805,down,1658,0,0,0.0,0.0,0.0,,,,48.47,58.17,,,,0.6723,False,-22.47
zhangjiang,产业/科技新城,resident_led,resident_retain,B_grow,gamma_setting,permissive,1.5,120.0,0.1805,down,1658,0,0,0.0,0.0,0.0,,,,72.71,87.25,,,,0.6723,False,-22.47
zhangjiang,产业/科技新城,resident_led,resident_retain,B_grow,gamma_setting,none,1.5,100000.0,0.1805,down,1658,0,0,0.0,0.0,0.0,,,,72.71,87.25,,,,0.6723,False,-22.47
zhangjiang,产业/科技新城,shared,shared_commons,B_grow,gamma_setting,strict,0.8,30.0,0.1805,down,13,0,0,0.0,0.0,0.0,,,,38.78,46.53,,,,0.3012,True,-1.71
zhangjiang,产业/科技新城,shared,shared_commons,B_grow,gamma_setting,base,1.0,60.0,0.1805,down,13,0,0,0.0,0.0,0.0,,,,48.47,58.17,,,,0.3012,True,-1.71
zhangjiang,产业/科技新城,shared,shared_commons,B_grow,gamma_setting,permissive,1.5,120.0,0.1805,down,13,0,0,0.0,0.0,0.0,,,,72.71,87.25,,,,0.3012,True,-1.71
zhangjiang,产业/科技新城,shared,shared_commons,B_grow,gamma_setting,none,1.5,100000.0,0.1805,down,13,0,0,0.0,0.0,0.0,,,,72.71,87.25,,,,0.3012,True,-1.71
zhangjiang,产业/科技新城,developer_led,capital_deepen,B_grow,height_sweep,sweep_h20,1.0,20.0,0.1805,up,613,542,542,0.8842,9754836.6,0.5631,48.47,48.47,58.17,48.47,58.17,-38.17,58.17,48.47,0.7507,False,1.93
zhangjiang,产业/科技新城,developer_led,capital_deepen,B_grow,height_sweep,sweep_h25,1.0,25.0,0.1805,up,613,542,542,0.8842,8477114.9,0.4558,48.47,48.47,58.17,48.47,58.17,-33.17,58.17,48.47,0.754,False,3.29
zhangjiang,产业/科技新城,developer_led,capital_deepen,B_grow,height_sweep,sweep_h30,1.0,30.0,0.1805,up,613,542,542,0.8842,7064324.2,0.353,48.47,48.47,58.17,48.47,58.17,-28.17,58.17,48.47,0.7575,False,4.79
zhangjiang,产业/科技新城,developer_led,capital_deepen,B_grow,height_sweep,sweep_h35,1.0,35.0,0.1805,up,613,542,542,0.8842,5399997.6,0.2491,48.47,48.47,58.17,48.47,58.17,-23.17,58.17,48.47,0.7615,False,6.56
zhangjiang,产业/科技新城,developer_led,capital_deepen,B_grow,height_sweep,sweep_h40,1.0,40.0,0.1805,up,613,542,542,0.8842,3512125.6,0.149,48.47,48.47,58.17,48.47,58.17,-18.17,58.17,48.47,0.7659,False,8.56
zhangjiang,产业/科技新城,developer_led,capital_deepen,B_grow,height_sweep,sweep_h45,1.0,45.0,0.1805,up,613,542,542,0.8842,1500034.5,0.0586,48.47,48.47,58.17,48.47,58.17,-13.17,58.17,48.47,0.7705,False,10.7
zhangjiang,产业/科技新城,developer_led,capital_deepen,B_grow,height_sweep,sweep_h50,1.0,50.0,0.1805,up,613,542,11,0.0179,45158.7,0.0017,48.47,48.47,58.17,48.47,58.17,-8.17,58.17,48.47,0.7736,False,12.25
zhangjiang,产业/科技新城,developer_led,capital_deepen,B_grow,height_sweep,sweep_h55,1.0,55.0,0.1805,up,613,542,11,0.0179,17515.3,0.0006,48.47,48.47,58.17,48.47,58.17,-3.17,58.17,48.47,0.7737,False,12.28
zhangjiang,产业/科技新城,developer_led,capital_deepen,B_grow,height_sweep,sweep_h60,1.0,60.0,0.1805,up,613,542,0,0.0,0.0,0.0,48.47,48.47,58.17,48.47,58.17,1.83,58.17,48.47,0.7737,False,12.3
zhangjiang,产业/科技新城,developer_led,capital_deepen,B_grow,height_sweep,sweep_h80,1.0,80.0,0.1805,up,613,542,0,0.0,0.0,0.0,48.47,48.47,58.17,48.47,58.17,21.83,58.17,48.47,0.7737,False,12.3
zhangjiang,产业/科技新城,developer_led,capital_deepen,B_grow,height_sweep,sweep_h120,1.0,120.0,0.1805,up,613,542,0,0.0,0.0,0.0,48.47,48.47,58.17,48.47,58.17,61.83,58.17,48.47,0.7737,False,12.3
